full_filename,short_filename
10_20190326_072743_1021_1ynv.tif,1ynv.tif
10_20190326_072743_1021_a69z.tif,a69z.tif
06_20190321_155335_0f2b_17rl.tif,17rl.tif
06_20190321_155335_0f2b_f51l.tif,f51l.tif
06_20190321_155335_0f2b_go0s.tif,go0s.tif
06_20190321_155335_0f2b_nh6k.tif,nh6k.tif
06_20190321_155335_0f2b_qtd7.tif,qtd7.tif
06_20190321_155335_0f2b_vk0m.tif,vk0m.tif
06_20190321_155336_0f2b_1ilu.tif,1ilu.tif
06_20190321_155336_0f2b_3ofd.tif,3ofd.tif
06_20190321_155336_0f2b_augx.tif,augx.tif
06_20190321_155336_0f2b_cfbc.tif,cfbc.tif
06_20190321_155336_0f2b_g1ot.tif,g1ot.tif
06_20190321_155336_0f2b_oq5x.tif,oq5x.tif
06_20190321_155337_0f2b_0a7e.tif,0a7e.tif
06_20190321_155337_0f2b_7scs.tif,7scs.tif
06_20190321_155337_0f2b_h8yo.tif,h8yo.tif
06_20190321_155337_0f2b_n8rk.tif,n8rk.tif
06_20190321_155337_0f2b_riti.tif,riti.tif
06_20190321_155337_0f2b_t1eu.tif,t1eu.tif
06_20190321_155337_0f2b_zucp.tif,zucp.tif
06_20190321_155338_0f2b_bebg.tif,bebg.tif
06_20190321_155338_0f2b_cec1.tif,cec1.tif
06_20190321_155338_0f2b_j2kk.tif,j2kk.tif
06_20190321_155338_0f2b_jwpn.tif,jwpn.tif
06_20190321_155338_0f2b_vdoz.tif,vdoz.tif
06_20190321_155338_0f2b_y088.tif,y088.tif
06_20190321_155338_0f2b_yiuq.tif,yiuq.tif
09_20190929_021838_0f46_9od1.tif,9od1.tif
09_20191002_021754_1_xs1y.tif,xs1y.tif
09_20191002_021755_1049_ebrl.tif,ebrl.tif
09_20191002_021756_1049_0p0o.tif,0p0o.tif
09_20191002_021756_1049_lwau.tif,lwau.tif
09_20191002_021756_1049_ua6u.tif,ua6u.tif
09_20191002_021756_1049_wjb4.tif,wjb4.tif
09_20191002_021756_1049_xfjj.tif,xfjj.tif
09_20191002_021757_1049_5usb.tif,5usb.tif
02_20200825_041618_1032_jz3k.tif,jz3k.tif
02_20200825_041619_1032_q9hn.tif,q9hn.tif
02_20200825_041620_1032_ond8.tif,ond8.tif
02_20200825_041621_1032_9piw.tif,9piw.tif
02_20200825_041622_1032_0705.tif,0705.tif
02_20200825_041622_1032_5xon.tif,5xon.tif
02_20200825_041622_1032_glt0.tif,glt0.tif
02_20200825_041622_1032_xqbn.tif,xqbn.tif
02_20200825_041622_1032_ygmh.tif,ygmh.tif
02_20200825_041623_1032_f02b.tif,f02b.tif
02_20200825_041623_1032_ikv2.tif,ikv2.tif
02_20200825_041623_1032_je9j.tif,je9j.tif
02_20200825_041623_1032_wuv7.tif,wuv7.tif
02_20200825_041623_1032_ylwx.tif,ylwx.tif
02_20200825_041624_1032_4z0f.tif,4z0f.tif
02_20200825_041625_1032_4flw.tif,4flw.tif
02_20200825_041625_1032_9t6o.tif,9t6o.tif
04_20190504_162401_1012_5gyn.tif,5gyn.tif
04_20190504_162401_1012_jtsh.tif,jtsh.tif
04_20190504_162401_1012_kkeb.tif,kkeb.tif
04_20190504_162401_1012_nadx.tif,nadx.tif
04_20190504_162401_1012_qyv6.tif,qyv6.tif
04_20190504_162401_1012_srdn.tif,srdn.tif
04_20190504_162401_1012_un1i.tif,un1i.tif
04_20190507_161840_0e19_0abm.tif,0abm.tif
04_20190507_161840_0e19_0s34.tif,0s34.tif
04_20190507_161840_0e19_11vs.tif,11vs.tif
04_20190507_161840_0e19_48b3.tif,48b3.tif
04_20190507_161840_0e19_5lvq.tif,5lvq.tif
04_20190507_161840_0e19_8lx9.tif,8lx9.tif
04_20190507_161840_0e19_hsxx.tif,hsxx.tif
04_20190507_161840_0e19_n3a4.tif,n3a4.tif
04_20190514_152548_100d_5wsc.tif,5wsc.tif
04_20190514_152548_100d_7cmi.tif,7cmi.tif
04_20190514_152548_100d_9lf0.tif,9lf0.tif
04_20190514_152548_100d_gkup.tif,gkup.tif
04_20190514_152548_100d_nl0k.tif,nl0k.tif
04_20190514_152548_100d_qj8o.tif,qj8o.tif
04_20190514_152549_100d_3qsd.tif,3qsd.tif
04_20190514_152549_100d_40w9.tif,40w9.tif
04_20190514_152549_100d_baf3.tif,baf3.tif
04_20190514_152549_100d_dgts.tif,dgts.tif
04_20190514_152549_100d_dmhq.tif,dmhq.tif
04_20190514_152549_100d_m83c.tif,m83c.tif
04_20190514_152549_100d_qqep.tif,qqep.tif
04_20190514_161903_0e16_1unc.tif,1unc.tif
04_20190514_161903_0e16_1wy0.tif,1wy0.tif
04_20190514_161903_0e16_3yzg.tif,3yzg.tif
04_20190514_161903_0e16_43fb.tif,43fb.tif
04_20190514_161903_0e16_4y04.tif,4y04.tif
04_20190514_161903_0e16_jcj4.tif,jcj4.tif
04_20190514_161903_0e16_jylu.tif,jylu.tif
03_20170831_172558_100d_al1j.tif,al1j.tif
03_20170831_172558_100d_d5g6.tif,d5g6.tif
03_20170831_172558_100d_dj1a.tif,dj1a.tif
03_20170831_172558_100d_jjd0.tif,jjd0.tif
03_20170831_172558_100d_qmsn.tif,qmsn.tif
03_20170831_172558_100d_ykkn.tif,ykkn.tif
03_20170831_172558_100d_yr3h.tif,yr3h.tif
03_20170831_172559_100d_0wd4.tif,0wd4.tif
03_20170831_172559_100d_1g47.tif,1g47.tif
03_20170831_172559_100d_5h5l.tif,5h5l.tif
03_20170831_172559_100d_7g16.tif,7g16.tif
03_20170831_172559_100d_8mpa.tif,8mpa.tif
03_20170831_172559_100d_iwxa.tif,iwxa.tif
03_20170831_172559_100d_tyz1.tif,tyz1.tif
03_20170831_172559_100d_wxpx.tif,wxpx.tif
03_20170831_172559_100d_y44i.tif,y44i.tif
03_20170831_172600_100d_8zqe.tif,8zqe.tif
03_20170831_172600_100d_dat5.tif,dat5.tif
03_20170831_172600_100d_jkon.tif,jkon.tif
03_20170831_172600_100d_tel2.tif,tel2.tif
03_20170831_172600_100d_took.tif,took.tif
03_20170831_172600_100d_ut5u.tif,ut5u.tif
03_20170831_172600_100d_xxa5.tif,xxa5.tif
03_20170831_172600_100d_y6eu.tif,y6eu.tif
03_20170831_172600_100d_z4st.tif,z4st.tif
03_20170831_172601_100d_5r8k.tif,5r8k.tif
03_20170831_172601_100d_7ig4.tif,7ig4.tif
03_20170831_172601_100d_fjhm.tif,fjhm.tif
03_20170831_172601_100d_fjw1.tif,fjw1.tif
03_20170831_172601_100d_gbqn.tif,gbqn.tif
03_20170831_172601_100d_mwcl.tif,mwcl.tif
03_20170831_172601_100d_qgwz.tif,qgwz.tif
03_20170831_172601_100d_titm.tif,titm.tif
03_20170831_172602_100d_che8.tif,che8.tif
03_20170831_172602_100d_csfa.tif,csfa.tif
03_20170831_172602_100d_ll8w.tif,ll8w.tif
03_20170831_172604_100d_6iup.tif,6iup.tif
03_20170831_172605_100d_bfnn.tif,bfnn.tif
03_20170831_172605_100d_czym.tif,czym.tif
03_20170831_172605_100d_k4yi.tif,k4yi.tif
03_20170831_172606_100d_8ksw.tif,8ksw.tif
03_20170831_172606_100d_mns5.tif,mns5.tif
03_20170831_172607_100d_lkku.tif,lkku.tif
03_20170831_172607_100d_me9z.tif,me9z.tif
03_20170831_172611_100d_i7jy.tif,i7jy.tif
03_20170831_172612_100d_m309.tif,m309.tif
03_20170831_172612_100d_mhby.tif,mhby.tif
03_20170831_172612_100d_pq3w.tif,pq3w.tif
03_20170831_172612_100d_z7nt.tif,z7nt.tif
03_20170831_172615_100d_71la.tif,71la.tif
03_20170831_172615_100d_7hhv.tif,7hhv.tif
08_20200829_073334_69_05YA.tif,05YA.tif
08_20200829_073334_69_1KNW.tif,1KNW.tif
08_20200829_073334_69_28NP.tif,28NP.tif
08_20200829_073334_69_5HX0.tif,5HX0.tif
08_20200829_073334_69_90XX.tif,90XX.tif
08_20200829_073334_69_GX8N.tif,GX8N.tif
08_20200829_073334_69_L895.tif,L895.tif
08_20200829_073334_69_P6SA.tif,P6SA.tif
08_20200829_073334_69_PA7Z.tif,PA7Z.tif
08_20200829_073334_69_ZM6O.tif,ZM6O.tif
08_20200829_073337_04_17Y7.tif,17Y7.tif
08_20200829_073337_04_27SR.tif,27SR.tif
08_20200829_073337_04_3AOH.tif,3AOH.tif
08_20200829_073337_04_3FV2.tif,3FV2.tif
08_20200829_073337_04_7Y1R.tif,7Y1R.tif
08_20200829_073337_04_9B49.tif,9B49.tif
08_20200829_073337_04_9ZL6.tif,9ZL6.tif
08_20200829_073337_04_DUR9.tif,DUR9.tif
08_20200829_073337_04_DWML.tif,DWML.tif
08_20200829_073337_04_EOSD.tif,EOSD.tif
08_20200829_073337_04_FE2K.tif,FE2K.tif
08_20200829_073337_04_KTIB.tif,KTIB.tif
08_20200829_073337_04_UAZ2.tif,UAZ2.tif
08_20200829_073337_04_WZJR.tif,WZJR.tif
07_20210323_233158_1040_2p5c.tif,2p5c.tif
07_20210323_233158_1040_37w8.tif,37w8.tif
07_20210323_233158_1040_5saj.tif,5saj.tif
07_20210323_233158_1040_6qi9.tif,6qi9.tif
07_20210323_233158_1040_6vr7.tif,6vr7.tif
07_20210323_233158_1040_cvdj.tif,cvdj.tif
07_20210323_233158_1040_d3cq.tif,d3cq.tif
07_20210323_233158_1040_jney.tif,jney.tif
07_20210323_233158_1040_mykf.tif,mykf.tif
07_20210323_233159_1040_8zyj.tif,8zyj.tif
07_20210323_233159_1040_ahog.tif,ahog.tif
07_20210323_233159_1040_c55r.tif,c55r.tif
07_20210323_233159_1040_egh9.tif,egh9.tif
07_20210323_233159_1040_lipf.tif,lipf.tif
07_20210323_233159_1040_qhl0.tif,qhl0.tif
07_20210323_233159_1040_r998.tif,r998.tif
07_20210323_233159_1040_vfig.tif,vfig.tif
07_20210323_233159_1040_zkjs.tif,zkjs.tif
07_20210323_233200_1040_289z.tif,289z.tif
07_20210323_233200_1040_50t5.tif,50t5.tif
07_20210323_233200_1040_axp2.tif,axp2.tif
07_20210323_233200_1040_d84g.tif,d84g.tif
07_20210323_233200_1040_diyq.tif,diyq.tif
07_20210323_233200_1040_gdiy.tif,gdiy.tif
07_20210323_233200_1040_jaen.tif,jaen.tif
07_20210323_233200_1040_mu1s.tif,mu1s.tif
07_20210323_233200_1040_nhps.tif,nhps.tif
07_20210323_233200_1040_ph7g.tif,ph7g.tif
07_20210323_233201_1040_6eqx.tif,6eqx.tif
07_20210323_233201_1040_ckwo.tif,ckwo.tif
07_20210323_233201_1040_d6v0.tif,d6v0.tif
07_20210323_233201_1040_dnh0.tif,dnh0.tif
07_20210323_233201_1040_gbbr.tif,gbbr.tif
07_20210323_233201_1040_ggaw.tif,ggaw.tif
07_20210323_233201_1040_iiim.tif,iiim.tif
07_20210323_233201_1040_n8u0.tif,n8u0.tif
07_20210323_233201_1040_r6u0.tif,r6u0.tif
07_20210323_233201_1040_wlvy.tif,wlvy.tif
05_20190318_164618_100e_45gc.tif,45gc.tif
05_20190318_164618_100e_6hpf.tif,6hpf.tif
05_20190318_164618_100e_6wtg.tif,6wtg.tif
05_20190318_164618_100e_drob.tif,drob.tif
05_20190318_164618_100e_dz8s.tif,dz8s.tif
05_20190318_164618_100e_gxew.tif,gxew.tif
05_20190318_164618_100e_l2wm.tif,l2wm.tif
05_20190318_164619_100e_16jj.tif,16jj.tif
05_20190318_164619_100e_1fan.tif,1fan.tif
05_20190318_164619_100e_4r0q.tif,4r0q.tif
05_20190318_164619_100e_65i7.tif,65i7.tif
05_20190318_164619_100e_eaqp.tif,eaqp.tif
05_20190318_164619_100e_eayq.tif,eayq.tif
05_20190318_164619_100e_tja9.tif,tja9.tif
05_20190327_164825_1038_136h.tif,136h.tif
05_20190327_164825_1038_a743.tif,a743.tif
05_20190327_164825_1038_fvv2.tif,fvv2.tif
05_20190327_164825_1038_hhya.tif,hhya.tif
05_20190327_164825_1038_iku4.tif,iku4.tif
05_20190327_164825_1038_nsbg.tif,nsbg.tif
05_20190327_164825_1038_qvuh.tif,qvuh.tif
05_20190327_164826_1038_9zy2.tif,9zy2.tif
05_20190327_164826_1038_cytl.tif,cytl.tif
05_20190327_164826_1038_k2vs.tif,k2vs.tif
05_20190327_164826_1038_k65g.tif,k65g.tif
05_20190327_164826_1038_pvrg.tif,pvrg.tif
05_20190327_164826_1038_q74w.tif,q74w.tif
05_20190327_164826_1038_skvn.tif,skvn.tif
01_20201125_0ll8.tif,0ll8.tif
01_20201125_4ay5.tif,4ay5.tif
01_20201125_59w3.tif,59w3.tif
01_20201125_5gu2.tif,5gu2.tif
01_20201125_5yy8.tif,5yy8.tif
01_20201125_6oqt.tif,6oqt.tif
01_20201125_7ev7.tif,7ev7.tif
01_20201125_9dxo.tif,9dxo.tif
01_20201125_bllz.tif,bllz.tif
01_20201125_do2l.tif,do2l.tif
01_20201125_f3gt.tif,f3gt.tif
01_20201125_flcx.tif,flcx.tif
01_20201125_h4ec.tif,h4ec.tif
01_20201125_hnmq.tif,hnmq.tif
01_20201125_hrhi.tif,hrhi.tif
01_20201125_hsqq.tif,hsqq.tif
01_20201125_it5q.tif,it5q.tif
01_20201125_j3zo.tif,j3zo.tif
01_20201125_j9md.tif,j9md.tif
01_20201125_jbt7.tif,jbt7.tif
01_20201125_jzq9.tif,jzq9.tif
01_20201125_mgjg.tif,mgjg.tif
01_20201125_mqpx.tif,mqpx.tif
01_20201125_nepf.tif,nepf.tif
01_20201125_ogkc.tif,ogkc.tif
01_20201125_p7ee.tif,p7ee.tif
01_20201125_pdtx.tif,pdtx.tif
01_20201125_psu2.tif,psu2.tif
01_20201125_q0cg.tif,q0cg.tif
01_20201125_q1m2.tif,q1m2.tif
01_20201125_qe81.tif,qe81.tif
01_20201125_qecd.tif,qecd.tif
01_20201125_qiwy.tif,qiwy.tif
01_20201125_rjsa.tif,rjsa.tif
01_20201125_syzv.tif,syzv.tif
01_20201125_tqo6.tif,tqo6.tif
01_20201125_vbtb.tif,vbtb.tif
01_20201125_vr7d.tif,vr7d.tif
01_20201125_xii7.tif,xii7.tif
01_20201125_xvq3.tif,xvq3.tif
01_20201125_yu2f.tif,yu2f.tif
01_20201125_0ll8.tif,125_0ll8.tif
01_20201125_4ay5.tif,125_4ay5.tif
01_20201125_59w3.tif,125_59w3.tif
01_20201125_5gu2.tif,125_5gu2.tif
01_20201125_5yy8.tif,125_5yy8.tif
01_20201125_6oqt.tif,125_6oqt.tif
01_20201125_7ev7.tif,125_7ev7.tif
01_20201125_9dxo.tif,125_9dxo.tif
01_20201125_bllz.tif,125_bllz.tif
01_20201125_do2l.tif,125_do2l.tif
01_20201125_f3gt.tif,125_f3gt.tif
01_20201125_flcx.tif,125_flcx.tif
01_20201125_h4ec.tif,125_h4ec.tif
01_20201125_hnmq.tif,125_hnmq.tif
01_20201125_hrhi.tif,125_hrhi.tif
01_20201125_hsqq.tif,125_hsqq.tif
01_20201125_it5q.tif,125_it5q.tif
01_20201125_j3zo.tif,125_j3zo.tif
01_20201125_j9md.tif,125_j9md.tif
01_20201125_jbt7.tif,125_jbt7.tif
01_20201125_jzq9.tif,125_jzq9.tif
01_20201125_mgjg.tif,125_mgjg.tif
01_20201125_mqpx.tif,125_mqpx.tif
01_20201125_nepf.tif,125_nepf.tif
01_20201125_ogkc.tif,125_ogkc.tif
01_20201125_p7ee.tif,125_p7ee.tif
01_20201125_pdtx.tif,125_pdtx.tif
01_20201125_psu2.tif,125_psu2.tif
01_20201125_q0cg.tif,125_q0cg.tif
01_20201125_q1m2.tif,125_q1m2.tif
01_20201125_qe81.tif,125_qe81.tif
01_20201125_qecd.tif,125_qecd.tif
01_20201125_qiwy.tif,125_qiwy.tif
01_20201125_rjsa.tif,125_rjsa.tif
01_20201125_syzv.tif,125_syzv.tif
01_20201125_tqo6.tif,125_tqo6.tif
01_20201125_vbtb.tif,125_vbtb.tif
01_20201125_vr7d.tif,125_vr7d.tif
01_20201125_xii7.tif,125_xii7.tif
01_20201125_xvq3.tif,125_xvq3.tif
01_20201125_yu2f.tif,125_yu2f.tif
11_20210718_094128_39_1qcd.tif,_39_1qcd.tif
11_20210718_094500_23_t0m1.tif,_23_t0m1.tif
11_20210718_094500_23_v2f3.tif,_23_v2f3.tif
11_20210718_094500_23_v72p.tif,_23_v72p.tif
11_20210718_094500_23_v9fi.tif,_23_v9fi.tif
11_20210718_094502_71_45rc.tif,_71_45rc.tif
11_20210718_094502_71_pce0.tif,_71_pce0.tif
11_20210718_094502_71_wi2j.tif,_71_wi2j.tif
11_20210718_094502_71_ykrr.tif,_71_ykrr.tif
12_20200520_163357_36_7oag.tif,_36_7oag.tif
12_20200520_163357_36_b23w.tif,_36_b23w.tif
12_20200520_163357_36_ea6p.tif,_36_ea6p.tif
12_20200520_163357_36_x72b.tif,_36_x72b.tif
14_20190429_152207_1040_8n4d.tif,040_8n4d.tif
14_20190429_152207_1040_i2a6.tif,040_i2a6.tif
14_20190429_152208_1040_8l7z.tif,040_8l7z.tif
14_20190429_152208_1040_qr13.tif,040_qr13.tif
14_20190429_152209_1040_5n1j.tif,040_5n1j.tif
14_20190429_152209_1040_sg2v.tif,040_sg2v.tif
14_20190429_152210_1040_jxbz.tif,040_jxbz.tif
14_20190429_152210_1040_rda6.tif,040_rda6.tif
14_20190429_154356_88_9jup.tif,_88_9jup.tif
14_20190429_154359_37_77xw.tif,_37_77xw.tif
14_20190429_154359_37_gvu0.tif,_37_gvu0.tif
14_20190429_154401_87_0t8n.tif,_87_0t8n.tif
14_20190429_154401_87_ciib.tif,_87_ciib.tif
13_20190620_134930_1_naya.tif,0_1_naya.tif
13_20190620_134931_0f3c_etpf.tif,f3c_etpf.tif
13_20190620_134932_0f3c_2tk0.tif,f3c_2tk0.tif
13_20190620_134932_0f3c_4dt5.tif,f3c_4dt5.tif
13_20190620_134932_0f3c_7v0m.tif,f3c_7v0m.tif
13_20190620_134932_0f3c_sbpy.tif,f3c_sbpy.tif
13_20190620_134932_0f3c_vb4f.tif,f3c_vb4f.tif
11_20210718_094128_39_1qcd.tif,1qcd.tif
11_20210718_094500_23_t0m1.tif,t0m1.tif
11_20210718_094500_23_v2f3.tif,v2f3.tif
11_20210718_094500_23_v72p.tif,v72p.tif
11_20210718_094500_23_v9fi.tif,v9fi.tif
11_20210718_094502_71_45rc.tif,45rc.tif
11_20210718_094502_71_pce0.tif,pce0.tif
11_20210718_094502_71_wi2j.tif,wi2j.tif
11_20210718_094502_71_ykrr.tif,ykrr.tif
12_20200520_163357_36_7oag.tif,7oag.tif
12_20200520_163357_36_b23w.tif,b23w.tif
12_20200520_163357_36_ea6p.tif,ea6p.tif
12_20200520_163357_36_x72b.tif,x72b.tif
14_20190429_152207_1040_8n4d.tif,8n4d.tif
14_20190429_152207_1040_i2a6.tif,i2a6.tif
14_20190429_152208_1040_8l7z.tif,8l7z.tif
14_20190429_152208_1040_qr13.tif,qr13.tif
14_20190429_152209_1040_5n1j.tif,5n1j.tif
14_20190429_152209_1040_sg2v.tif,sg2v.tif
14_20190429_152210_1040_jxbz.tif,jxbz.tif
14_20190429_152210_1040_rda6.tif,rda6.tif
14_20190429_154356_88_9jup.tif,9jup.tif
14_20190429_154359_37_77xw.tif,77xw.tif
14_20190429_154359_37_gvu0.tif,gvu0.tif
14_20190429_154401_87_0t8n.tif,0t8n.tif
14_20190429_154401_87_ciib.tif,ciib.tif
13_20190620_134930_1_naya.tif,naya.tif
13_20190620_134931_0f3c_etpf.tif,etpf.tif
13_20190620_134932_0f3c_2tk0.tif,2tk0.tif
13_20190620_134932_0f3c_4dt5.tif,4dt5.tif
13_20190620_134932_0f3c_7v0m.tif,7v0m.tif
13_20190620_134932_0f3c_sbpy.tif,sbpy.tif
13_20190620_134932_0f3c_vb4f.tif,vb4f.tif